type,date,time,input_datasize_bytes,duration_s,throughput_bytes_s,throughput_per_node_bytes_s,cpu_used_percent,ram_used_bytes,disk_read_bytes_s,disk_write_bytes_s,network_receive_bytes_s,network_transmit_bytes_s,num_nodes,num_executors,executor_cores,executor_memory_mb,input_split_mb,buffer_kb,max_size_in_flight_mb,parallelism,date,time
ScalaSparkWordcount,2024-12-07,14:18:11,1093314040,55.598,19664628,19664628,21.869999999999738,749908650.6666666,10784208.213333335,1527525.8311111112,8783205.200833334,8332276.706666667,1,2,1,640m,128.0,,,,2024-12-07,14:18:11
ScalaSparkWordcount,2024-12-07,14:20:26,1093314040,54.987,19883136,19883136,25.24333333333364,829715797.3333334,11169355.093333334,3302541.084444444,10254491.646666666,9073677.691666668,1,2,1,640m,256.0,,,,2024-12-07,14:20:26
ScalaSparkWordcount,2024-12-07,14:21:55,1093314040,55.187,19811079,19811079,22.020833333333787,763348992.0,10769189.546666665,1562205.2977777778,8780934.014166668,8308770.0975,1,2,1,640m,512.0,,,,2024-12-07,14:21:55
ScalaSparkWordcount,2024-12-07,14:24:03,1093314040,55.203,19805337,19805337,23.272500000000036,769029802.6666666,10242912.711111112,4139631.5022222227,9873789.0175,8605225.165000001,1,2,1,640m,1024.0,,,,2024-12-07,14:24:03
ScalaSparkWordcount,2024-12-07,14:25:29,1093314040,53.627,20387380,20387380,22.694545454545402,690568098.9090909,11706462.332121214,1558724.1115151516,9435297.958181817,9014860.15090909,1,2,1,640m,,,,4.0,2024-12-07,14:25:29
ScalaSparkWordcount,2024-12-07,14:27:28,1093314040,53.615,20391943,20391943,23.202727272727397,792498176.0,11440202.472727273,2558153.076363636,10164465.792727273,9205752.952727271,1,2,1,640m,,,,8.0,2024-12-07,14:27:28
ScalaSparkWordcount,2024-12-07,14:28:58,1093314040,53.286,20517847,20517847,22.226363636363114,671326952.7272727,11586988.218181819,2637218.2884848486,9625188.623636363,8975959.65909091,1,2,1,640m,,,,10.0,2024-12-07,14:28:58
ScalaSparkWordcount,2024-12-07,14:30:32,1093314040,53.767,20334295,20334295,24.509090909090848,686865314.9090909,12420566.971043771,1844910.1144781145,10069304.452525252,9510901.901010102,1,2,1,640m,,,,12.0,2024-12-07,14:30:33
ScalaSparkWordcount,2024-12-07,14:36:00,5466536260,123.524,44254851,44254851,42.51000000000009,1213878108.16,26465230.848000005,3279032.775111112,22089896.55416667,20838633.09266667,1,2,1,640m,128.0,,,,2024-12-07,14:36:01
ScalaSparkWordcount,2024-12-07,14:38:18,5466536260,123.451,44281020,44281020,41.19616666666641,1170843893.76,25827364.40888889,3076319.914666667,21427271.3705,20245122.105833333,1,2,1,640m,256.0,,,,2024-12-07,14:38:19
ScalaSparkWordcount,2024-12-07,14:40:37,5466536260,118.037,46312056,46312056,37.64943181818188,1133457578.6666667,24614054.529292926,2874558.319191919,20410053.341287877,19309034.587689396,1,2,1,640m,512.0,,,,2024-12-07,14:40:37
ScalaSparkWordcount,2024-12-07,14:43:07,5466536260,120.699,45290650,45290650,41.826086956521614,1210434191.36,26413977.06573913,3253352.358956522,22032551.223652173,20748163.213043477,1,2,1,640m,1024.0,,,,2024-12-07,14:43:07
ScalaSparkWordcount,2024-12-07,14:45:28,5466536260,125.225,43653713,43653713,44.154967948717996,1262151995.0769231,27697721.326495733,3344912.629059829,23082565.016506415,21802874.572115384,1,2,1,640m,,,,4.0,2024-12-07,14:45:28
ScalaSparkWordcount,2024-12-07,14:47:39,5466536260,120.858,45231066,45231066,36.82469565217401,1145622855.68,23386719.157797102,2801226.1435362324,19564950.789391305,18504306.958434783,1,2,1,640m,,,,8.0,2024-12-07,14:47:40
ScalaSparkWordcount,2024-12-07,14:50:15,5466536260,123.143,44391774,44391774,44.14849999999994,1258466017.28,27211561.187555555,3434848.256,22964118.28133334,21654159.659,1,2,1,640m,,,,10.0,2024-12-07,14:50:15
ScalaSparkWordcount,2024-12-07,14:52:31,5466536260,126.011,43381421,43381421,27.967948717948673,759002033.2307693,18456905.955555554,278895.5897435897,14354858.72628205,14283768.948397435,1,2,1,640m,,,,12.0,2024-12-07,14:52:31
ScalaSparkWordcount,2024-12-07,15:04:31,10933050542,208.415,52458079,52458079,48.730595238095226,1331403922.2857144,33580005.993650794,2055215.299047619,26661254.081964288,25881859.10565476,1,2,1,640m,128.0,,,,2024-12-07,15:04:31
ScalaSparkWordcount,2024-12-07,15:08:07,10933050542,202.596,53964789,53964789,47.14748609375282,1316137870.2222223,32438617.780711506,2033252.2238393393,25721207.189617686,24938487.469007574,1,2,1,640m,256.0,,,,2024-12-07,15:08:08
ScalaSparkWordcount,2024-12-07,15:27:18,10933074882,204.765,53393279,53393279,44.45089285714287,1333684516.5714285,31361668.30730158,1885883.8958730157,24745303.283749998,24018211.262916666,1,2,1,640m,512.0,,,,2024-12-07,15:27:18
ScalaSparkWordcount,2024-12-07,15:31:08,10933074882,199.268,54866184,54866184,33.71249999999999,980379750.4,24290969.8625641,1481795.5664957266,19041106.85051282,18581553.51775641,1,2,1,640m,1024.0,,,,2024-12-07,15:31:08
ScalaSparkWordcount,2024-12-07,15:36:09,10933074882,206.33,52988294,52988294,28.502559523809527,598757766.0952381,20627839.918730162,291010.0723809524,15624223.213214288,15613983.691964285,1,2,1,640m,,,,4.0,2024-12-07,15:36:09
ScalaSparkWordcount,2024-12-07,15:51:37,10933074882,203.141,53820129,53820129,39.37023139462165,1025934910.4390244,26882654.07479675,1540819.0545757767,21562107.975046903,20962023.69530957,1,2,1,640m,,,,8.0,2024-12-07,15:51:38
ScalaSparkWordcount,2024-12-07,15:56:13,10933074882,214.96,50860973,50860973,44.35919913419913,1127455092.3636363,29205781.499567095,1832349.7373737372,23421960.647619043,22730721.46271645,1,2,1,640m,,,,10.0,2024-12-07,15:56:14
ScalaSparkWordcount,2024-12-07,16:00:21,10933074882,213.879,51118038,51118038,53.67691029900334,1334388783.627907,20543081.12159468,19268184.86762643,30052368.3847176,30023131.485769648,1,2,1,640m,,,,12.0,2024-12-07,16:00:21
ScalaSparkWordcount,2024-12-07,16:08:58,16399654344,287.191,57103649,57103649,48.78502722323048,1187279554.2068965,35531169.69453519,1488684.7987094175,27816458.193345428,27253547.747459162,1,2,1,640m,128.0,,,,2024-12-07,16:08:58
ScalaSparkWordcount,2024-12-07,16:14:05,16399654344,282.879,57974096,57974096,38.40541979949876,998437582.5964912,28026584.177777775,1049218.117293233,21790866.506234337,21396091.988753136,1,2,1,640m,256.0,,,,2024-12-07,16:14:06
ScalaSparkWordcount,2024-12-07,16:20:31,16399654344,285.432,57455556,57455556,50.43417487684728,1287072450.2068965,37348007.13563218,1541887.747783251,29055484.68103448,28468480.394304186,1,2,1,640m,512.0,,,,2024-12-07,16:20:31
ScalaSparkWordcount,2024-12-07,16:25:21,16399654344,277.05,59193843,59193843,47.34133597883598,1295950262.857143,34623394.44938272,1468540.2525573191,27038782.265839953,26473376.369212963,1,2,1,640m,1024.0,,,,2024-12-07,16:25:22
ScalaSparkWordcount,2024-12-07,16:30:50,16399654344,298.205,54994565,54994565,45.789378531073446,1287847594.6666667,32758638.28730697,1312500.7957815444,25660848.07621469,25171442.20920904,1,2,1,640m,,,,4.0,2024-12-07,16:30:51
ScalaSparkWordcount,2024-12-07,16:36:10,16399654344,270.185,60697871,60697871,50.51440823327616,1316133645.9636364,38239670.8036135,1692957.1275014293,30088008.730051458,29472406.620994855,1,2,1,640m,,,,8.0,2024-12-07,16:36:10
ScalaSparkWordcount,2024-12-07,16:41:02,16399654344,278.276,58933053,58933053,49.88981426724739,1285798912.0,35941892.12595585,1609636.1619344016,28121165.45887574,27536158.197700094,1,2,1,640m,,,,10.0,2024-12-07,16:41:02
ScalaSparkWordcount,2024-12-07,16:46:20,16399654344,296.767,55261044,55261044,29.341436781609186,732628309.3333334,20699965.24383142,79510.8928735632,15757213.049367817,15750387.041896552,1,2,1,640m,,,,12.0,2024-12-07,16:46:20
ScalaSparkWordcount,2024-12-07,17:04:00,21866174894,393.817,55523694,55523694,45.163794222654985,1401524898.0253165,31152738.699729525,969665.7601211728,24193494.17779941,23829590.310094126,1,2,1,640m,128.0,,,,2024-12-07,17:04:00
ScalaSparkWordcount,2024-12-07,17:11:38,21866174894,387.237,56467163,56467163,51.92072927072927,1453023914.6666667,39027963.356820956,1170734.551137751,30169598.46789877,29719709.087329347,1,2,1,640m,256.0,,,,2024-12-07,17:11:38
ScalaSparkWordcount,2024-12-07,17:17:32,21866174894,340.269,64261436,64261436,51.2191650443435,1482298887.4202898,41033336.3858966,1300542.6405364482,31706182.683690242,31215083.41310837,1,2,1,640m,512.0,,,,2024-12-07,17:17:33
ScalaSparkWordcount,2024-12-07,17:23:32,21866174894,344.308,63507600,63507600,50.182522171749966,1478112953.5072465,38599775.939548634,1282134.76939938,29936628.81933809,29463992.965325546,1,2,1,640m,1024.0,,,,2024-12-07,17:23:33
ScalaSparkWordcount,2024-12-07,17:30:08,21866174894,372.382,58719741,58719741,49.6654954954955,1448749083.3066666,36017505.73203603,1162210.3070750749,28042099.040468466,27611611.746918917,1,2,1,640m,,,,4.0,2024-12-07,17:30:08
ScalaSparkWordcount,2024-12-07,17:36:57,21866174894,376.654,58053744,58053744,48.58712660028448,1462605985.6842105,34150732.54509246,1105266.1743006166,26606646.95060455,26188498.98277027,1,2,1,640m,,,,8.0,2024-12-07,17:36:58
ScalaSparkWordcount,2024-12-07,17:44:20,21866174894,402.652,54305392,54305392,51.572052469135805,1531785671.1111112,35376807.37975308,1110406.7213168726,27442920.852777783,27025494.740725312,1,2,1,640m,,,,10.0,2024-12-07,17:44:20
ScalaSparkWordcount,2024-12-07,17:51:12,21866174894,393.948,55505231,55505231,43.18055235903338,1505571178.936709,20571724.004602987,11988343.38249767,24496845.86623376,24496041.27578497,1,2,1,640m,,,,12.0,2024-12-07,17:51:12
ScalaSparkWordcount,2024-12-07,18:06:14,27332717951,467.608,58452203,58452203,44.725589110043494,1453908795.9148936,32504460.99229772,801711.6136963319,25016042.908464883,24718530.474216424,1,2,1,640m,128.0,,,,2024-12-07,18:06:15
ScalaSparkWordcount,2024-12-07,18:15:29,27332717951,459.872,59435490,59435490,34.45838693652724,1204136134.1935484,25323614.264613397,530991.6983208283,19352125.00137774,19168994.149337772,1,2,1,640m,256.0,,,,2024-12-07,18:15:30
ScalaSparkWordcount,2024-12-07,18:26:49,27332717951,443.711,61600271,61600271,41.55199182839634,1364607344.1797752,31867929.03343548,761749.032618318,24421345.411274258,24139245.35891216,1,2,1,640m,512.0,,,,2024-12-07,18:26:50
ScalaSparkWordcount,2024-12-07,18:36:06,27332717951,431.864,63290105,63290105,36.68747802569303,1177938131.862069,27482123.46547667,881613.3285012394,21221568.824340764,20888204.44497633,1,2,1,640m,1024.0,,,,2024-12-07,18:36:07
ScalaSparkWordcount,2024-12-07,19:06:03,27332717951,461.038,59285173,59285173,29.55447639083684,823777742.451613,21510365.459747545,47506.004176406415,16341711.154894177,16336527.799155513,1,2,1,640m,,,,4.0,2024-12-07,19:06:03
ScalaSparkWordcount,2024-12-07,20:34:06,27332717951,441.513,61906938,61906938,51.80260880795557,1214409647.460674,37806819.886176765,1149658.3466528908,29401441.847952988,29022194.825558566,1,2,1,640m,,,,8.0,2024-12-07,20:34:06
ScalaSparkWordcount,2024-12-07,20:42:35,27332717951,486.541,56177625,56177625,52.85243409863945,1183234131.5918367,38319316.868934244,944718.0190476191,29752952.685607992,29404489.92713648,1,2,1,640m,,,,10.0,2024-12-07,20:42:35
ScalaSparkWordcount,2024-12-07,20:50:10,27332717951,439.095,62247846,62247846,52.12471520184245,608447767.2727273,22725354.670465115,45071.005473828445,17336532.405392434,17331099.544688497,1,2,1,640m,,,,12.0,2024-12-07,20:50:10
ScalaSparkWordcount,2024-12-07,23:44:24,32799170339,559.088,58665487,58665487,47.12342508898261,1208179968.0,34667702.94839634,768303.0258701416,26681102.111543927,26418662.506741438,1,2,1,640m,128.0,,,,2024-12-07,23:44:25
ScalaSparkWordcount,2024-12-07,23:54:33,32799170339,520.528,63011346,63011346,33.87866134445685,772803242.6666666,25537831.951788004,922568.4311500966,19595375.851437483,19326999.073654797,1,2,1,640m,256.0,,,,2024-12-07,23:54:33
ScalaSparkWordcount,2024-12-08,00:12:41,32799170339,510.895,64199434,64199434,41.263741228491774,964238564.6601942,30248989.42494793,1056094.192316319,23390898.541315004,22986580.866711527,1,2,1,640m,1024.0,,,,2024-12-08,00:12:41
ScalaSparkWordcount,2024-12-08,01:28:23,32799311416,516.962,63446271,63446271,33.0821788648245,938857235.6923077,25255016.51580782,373539.3951705252,19180870.607356235,19050152.927688573,1,2,1,640m,512.0,,,,2024-12-08,01:28:24
ScalaSparkWordcount,2024-12-08,01:42:26,32799311416,526.77,62264957,62264957,50.265039912917274,1201174566.6415095,38118372.05921625,844288.5944847605,29444713.348929606,29142439.4896045,1,2,1,640m,,,,4.0,2024-12-08,01:42:26
ScalaSparkWordcount,2024-12-08,01:52:01,32799311416,523.677,62632713,62632713,40.02769230769232,903423473.3714286,28700323.114822958,1085211.4942124542,22718476.705924906,22306170.392738093,1,2,1,640m,,,,8.0,2024-12-08,01:52:01
ScalaSparkWordcount,2024-12-08,02:31:38,32799188433,581.258,56427934,56427934,54.541811367706266,1204333541.7435896,38456980.73098474,874718.6541095418,29656007.990978815,29360015.236609533,1,2,1,640m,,,,10.0,2024-12-08,02:31:38
ScalaSparkWordcount,2024-12-08,02:41:00,32799188433,547.824,59871762,59871762,40.17692651056055,654999440.290909,17047098.02064128,202899.27040525846,12877546.069067474,12875051.641295634,1,2,1,640m,,,,12.0,2024-12-08,02:41:00
ScalaSparkWordcount,2024-12-08,02:53:22,1093308403,51.966,21038917,10519458,30.910757575757575,1903345291.6363637,6371132.7159595955,3011242.942491583,6032727.180360686,5231877.273290124,2,4,1,640m,128.0,,,,2024-12-08,02:53:22
ScalaSparkWordcount,2024-12-08,02:56:01,1093308403,49.976,21876668,10938334,32.192929292929364,1850608919.2727273,6138698.645117845,5336602.548148148,7332073.91868687,5911040.453535355,2,4,1,640m,256.0,,,,2024-12-08,02:56:01
ScalaSparkWordcount,2024-12-08,02:57:16,1093308403,52.39,20868646,10434323,33.954949494949375,1907321018.1818182,6237044.018855219,5803860.9885521885,7729427.901363637,5949694.384494949,2,4,1,640m,512.0,,,,2024-12-08,02:57:16
ScalaSparkWordcount,2024-12-08,02:58:28,1093308403,51.002,21436579,10718289,31.146818181818198,1789378932.3636363,6055298.844444444,4563822.226531986,7457396.627878788,5920164.558888889,2,4,1,640m,1024.0,,,,2024-12-08,02:58:29
ScalaSparkWordcount,2024-12-08,02:59:41,1093308403,49.784,21961039,10980519,35.5535353535355,1887224925.090909,6408074.774410775,7267043.2107744105,8963328.353030303,6524090.321717173,2,4,1,640m,,,,4.0,2024-12-08,02:59:41
ScalaSparkWordcount,2024-12-08,03:00:44,1093308403,50.718,21556615,10778307,34.19848484848475,1790390272.0,6332142.933333334,6491098.074074075,8366937.8808080815,6406736.371717173,2,4,1,640m,,,,8.0,2024-12-08,03:00:44
ScalaSparkWordcount,2024-12-08,03:01:50,1093308403,50.231,21765610,10882805,29.440404040404157,1517200477.090909,6267246.847138047,3454249.2013468016,6940582.462121215,5863944.185858586,2,4,1,640m,,,,10.0,2024-12-08,03:01:50
ScalaSparkWordcount,2024-12-08,03:03:11,1093308403,51.871,21077449,10538724,35.2747979797979,1718687185.4545455,6255294.801885522,3324250.711919192,6117986.512222222,5465232.347929293,2,4,1,640m,,,,12.0,2024-12-08,03:03:11
ScalaSparkWordcount,2024-12-08,03:06:21,5466538798,86.678,63067200,31533600,34.75526960784317,1694433962.6666667,15035801.54422658,2886505.3559912853,12950328.060968138,12065798.301531862,2,4,1,640m,128.0,,,,2024-12-08,03:06:21
ScalaSparkWordcount,2024-12-08,03:08:26,5466538798,87.26,62646559,31323279,52.939736519607806,2209683000.888889,18827242.917647056,4511181.748148148,16761588.180810865,15421398.31068219,2,4,1,640m,256.0,,,,2024-12-08,03:08:26
ScalaSparkWordcount,2024-12-08,03:10:09,5466538798,90.757,60232696,30116348,51.81687306501551,2203616741.0526314,17795240.65882353,4392249.43488132,15941630.29613003,14586869.34489164,2,4,1,640m,512.0,,,,2024-12-08,03:10:10
ScalaSparkWordcount,2024-12-08,03:12:02,5466538798,100.483,54402623,27201311,47.98621553884715,2190770176.0,16329956.068838762,4101405.2143692565,14656540.43157895,13466122.507518796,2,4,1,640m,1024.0,,,,2024-12-08,03:12:02
ScalaSparkWordcount,2024-12-08,03:13:49,5466538798,92.437,59137994,29568997,45.42552459580323,2054088811.7894738,17895630.420364633,4134123.6573787406,15897740.970958032,14563539.151547983,2,4,1,640m,,,,4.0,2024-12-08,03:13:49
ScalaSparkWordcount,2024-12-08,03:15:35,5466538798,92.336,59202681,29601340,48.799535603715164,2163265104.8421054,18370806.01362229,4454739.43116615,16541634.424303407,15117999.055263156,2,4,1,640m,,,,8.0,2024-12-08,03:15:36
ScalaSparkWordcount,2024-12-08,03:17:12,5466538798,89.292,61220924,30610462,47.59987745098038,2058693745.7777777,18649226.931590416,4564983.243572985,16781476.676154003,15341880.936672794,2,4,1,640m,,,,10.0,2024-12-08,03:17:13
ScalaSparkWordcount,2024-12-08,03:18:51,5466538798,87.0,62833779,31416889,36.585302477521466,1639206684.4444444,14674671.42558027,2131204.620716838,12544689.292585062,12306420.0807289,2,4,1,640m,,,,12.0,2024-12-08,03:18:51
ScalaSparkWordcount,2024-12-08,03:23:32,10933096528,140.588,77766925,38883462,52.09961685823753,2320955038.8965516,22748606.130949344,2959010.732737335,18836921.392848022,18001851.980268203,2,4,1,640m,128.0,,,,2024-12-08,03:23:33
ScalaSparkWordcount,2024-12-08,03:26:04,10933096528,140.13,78021098,39010549,57.57924648786719,2226369076.965517,21772147.28173691,2718536.29902086,18211991.29323116,17381515.024201788,2,4,1,640m,512.0,,,,2024-12-08,03:26:04
ScalaSparkWordcount,2024-12-08,03:28:57,10933096528,148.046,73849320,36924660,59.723433908045976,2332562227.2,21798010.22984127,2535022.50456486,18152290.07578612,17408216.640082102,2,4,1,640m,256.0,,,,2024-12-08,03:28:57
ScalaSparkWordcount,2024-12-08,03:31:50,10933096528,149.356,73201589,36600794,38.27583128078818,1462630809.6,15377435.609326765,651841.3633716474,12167954.44102422,11937024.224802958,2,4,1,640m,1024.0,,,,2024-12-08,03:31:50
ScalaSparkWordcount,2024-12-08,03:36:03,10933096528,134.741,81141571,40570785,45.73244613394822,2298152813.714286,22804657.386577476,2874078.3511373503,18916010.710945178,18017527.896124605,2,4,1,640m,,,,4.0,2024-12-08,03:36:03
ScalaSparkWordcount,2024-12-08,03:38:41,10933096528,136.335,80192881,40096440,48.88970446347371,2306105344.0,24402548.69752447,3026326.639466054,20233716.589559462,19287878.77084828,2,4,1,640m,,,,8.0,2024-12-08,03:38:42
ScalaSparkWordcount,2024-12-08,03:41:08,10933096528,129.794,84234221,42117110,32.32952474543425,1665599867.2592592,16920257.74304591,1633436.0782327314,13896564.192748286,13405781.66832371,2,4,1,640m,,,,10.0,2024-12-08,03:41:08
ScalaSparkWordcount,2024-12-08,03:44:42,10933096528,140.778,77661967,38830983,44.61130268199231,2177540237.2413793,14902857.802979993,9333651.453384418,18215487.367241383,18147257.772924654,2,4,1,640m,,,,12.0,2024-12-08,03:44:42
ScalaSparkWordcount,2024-12-08,03:50:30,16399605414,187.771,87338329,43669164,51.08237513829618,2576042199.5789475,24993464.178114958,2209544.4618513254,20138335.325735938,19500631.09819227,2,4,1,640m,128.0,,,,2024-12-08,03:50:30
ScalaSparkWordcount,2024-12-08,03:54:01,16399605414,192.388,85242350,42621175,66.81570011306852,2570553501.5384617,27018893.0986371,2194266.874693317,21961694.619221646,21274594.55128843,2,4,1,640m,256.0,,,,2024-12-08,03:54:01
ScalaSparkWordcount,2024-12-08,03:57:21,16399605414,185.62,88350422,44175211,70.25012446657185,2606931321.263158,28070795.897033874,2355399.664085137,22842230.205929942,22149874.189365022,2,4,1,640m,512.0,,,,2024-12-08,03:57:22
ScalaSparkWordcount,2024-12-08,04:00:40,16399605414,190.055,86288734,43144367,46.35814275814276,2056391128.6153846,20679288.14081774,1451063.02018942,16569914.131219678,16167795.418711014,2,4,1,640m,1024.0,,,,2024-12-08,04:00:40
ScalaSparkWordcount,2024-12-08,04:05:12,16399605414,191.655,85568367,42784183,53.23647736805631,2640621147.8974357,27854648.4164229,2309594.037139974,22490848.38879709,21766874.838119593,2,4,1,640m,,,,4.0,2024-12-08,04:05:12
ScalaSparkWordcount,2024-12-08,04:08:29,16399605414,189.296,86634717,43317358,45.48954480796585,2422982871.5789475,24108579.589947842,1953757.0412517781,19362872.955334287,18756887.531899005,2,4,1,640m,,,,8.0,2024-12-08,04:08:29
ScalaSparkWordcount,2024-12-08,04:12:13,16399605414,186.593,87889714,43944857,34.00933598071756,2016928714.1052632,18340619.153890733,1326667.5605289498,14724055.127261143,14314187.66385629,2,4,1,640m,,,,10.0,2024-12-08,04:12:13
ScalaSparkWordcount,2024-12-08,04:16:46,16399605414,185.279,88513028,44256514,27.332821637426918,1467831888.8421052,15771506.476413254,241279.95009746586,12101850.970760232,12057036.318128653,2,4,1,640m,,,,12.0,2024-12-08,04:16:46
ScalaSparkWordcount,2024-12-08,04:27:27,21866191585,239.207,91411169,45705584,49.41287315304347,1707119189.3333333,15828825.903991554,146283.35108186232,12093703.755490715,12067467.925543843,2,4,1,640m,128.0,,,,2024-12-08,04:27:27
ScalaSparkWordcount,2024-12-08,09:16:32,21866191585,243.495,89801398,44900699,51.858148248661166,5094021579.755102,47041747.45844551,3636938.84359531,8521985.83417539,8458058.930140618,2,4,1,640m,256.0,,,,2024-12-08,09:16:32
ScalaSparkWordcount,2024-12-08,09:20:34,21866191585,230.827,94729782,47364891,32.56908747044917,4061610594.0425534,34349082.53200945,1934270.5414657213,3848035.1231678487,6857588.9570212765,2,4,1,640m,512.0,,,,2024-12-08,09:20:35
ScalaSparkWordcount,2024-12-08,09:26:15,21866191585,215.129,101642231,50821115,47.83874509306879,4464084992.0,54428451.28549018,3161682.1017828602,9552100.347601222,10553617.133397978,2,4,1,640m,1024.0,,,,2024-12-08,09:26:16
ScalaSparkWordcount,2024-12-08,09:30:13,21866191585,224.844,97250500,48625250,20.901035684047006,3420434521.0434785,27611569.571101252,221810.09487162065,4957918.983674354,4956133.657758631,2,4,1,640m,,,,4.0,2024-12-08,09:30:14
ScalaSparkWordcount,2024-12-08,09:41:20,21866191585,243.237,89896650,44948325,19.881699232884642,3101535252.897959,25490557.200405266,403035.36141265015,4626070.777555242,4626564.678465286,2,4,1,640m,,,,8.0,2024-12-08,09:41:20
ScalaSparkWordcount,2024-12-08,10:05:13,21866191585,264.622,82631797,41315898,40.874149345723644,4186284335.4074073,41352467.94895693,3252326.707416098,7018030.974443194,6847165.230521616,2,4,1,640m,,,,10.0,2024-12-08,10:05:13
ScalaSparkWordcount,2024-12-08,10:09:33,21866191585,240.028,91098503,45549251,21.559374773145677,3230268854.857143,22508228.511148084,435163.7722314494,3480845.2511171256,3468944.064610014,2,4,1,640m,,,,12.0,2024-12-08,10:09:34
ScalaSparkWordcount,2024-12-08,10:25:56,27332725062,283.284,96485241,48242620,30.740753360674404,4108827881.5438595,30997370.723681934,2041095.5872590567,6942057.60466887,5320311.744781272,2,4,1,640m,128.0,,,,2024-12-08,10:25:57
ScalaSparkWordcount,2024-12-08,10:32:15,27332725062,284.179,96181368,48090684,52.94888029408876,4224902197.894737,45061512.61818238,3330776.4698339896,8332937.343738312,8669358.317412114,2,4,1,640m,256.0,,,,2024-12-08,10:32:15
ScalaSparkWordcount,2024-12-08,10:37:42,27332725062,307.714,88825094,44412547,47.14689281753235,3691669768.2580647,40254400.27347297,2247071.1262978446,4806852.4914791,7655452.845062953,2,4,1,640m,512.0,,,,2024-12-08,10:37:43
ScalaSparkWordcount,2024-12-08,10:43:39,27332725062,298.779,91481412,45740706,35.19546243492679,3345050965.3333335,34453489.85513627,1243459.3383199954,3541341.091531857,7472177.289178427,2,4,1,640m,1024.0,,,,2024-12-08,10:43:39
ScalaSparkWordcount,2024-12-08,10:51:01,27332725062,290.922,93952073,46976036,39.516892316999375,3866259733.6949153,253340997.04281953,2963989.4677623357,10067092.93401296,27934419.571040682,2,4,1,640m,,,,4.0,2024-12-08,10:51:02
ScalaSparkWordcount,2024-12-08,10:56:19,27332725062,280.926,97295106,48647553,22.181866464466754,3211302804.2105265,32451075.93916991,726270.3414443118,5077835.602251427,5440323.833734816,2,4,1,640m,,,,8.0,2024-12-08,10:56:19
ScalaSparkWordcount,2024-12-08,11:04:57,27332725062,315.906,86521702,43260851,33.7134879032258,3920193216.0,40867155.76774193,3024423.8967741937,7683231.422194221,7609238.02780578,2,4,1,640m,,,,10.0,2024-12-08,11:04:57
ScalaSparkWordcount,2024-12-08,11:10:48,27332725062,282.786,96655156,48327578,22.21491228070175,3686786461.1929827,22859885.906766918,745367.6751879699,3511501.3053884706,3506660.4085421884,2,4,1,640m,,,,12.0,2024-12-08,11:10:48
ScalaSparkWordcount,2024-12-08,11:34:27,32799284189,351.502,93311799,46655899,26.385639634910913,4430988763.943662,27311094.319881026,826566.4325850757,4645940.596617871,5097040.791708318,2,4,1,640m,128.0,,,,2024-12-08,11:34:27
ScalaSparkWordcount,2024-12-08,11:44:04,32799284189,347.304,94439696,47219848,33.013987580640254,4663283009.828571,27780074.522418886,952140.7370195544,3985377.9019342107,4800150.519104582,2,4,1,640m,256.0,,,,2024-12-08,11:44:05
ScalaSparkWordcount,2024-12-08,11:52:56,32799284189,354.383,92553209,46276604,48.19199597585514,5035883274.816901,42304496.46486921,1893755.5599195163,5695563.951408451,8404660.714822266,2,4,1,640m,512.0,,,,2024-12-08,11:52:56
ScalaSparkWordcount,2024-12-08,11:59:36,32799284189,363.431,90248999,45124499,44.16786492164554,4451000937.20548,33335004.384899348,2349423.6923274808,5562100.248719997,5104785.035127661,2,4,1,640m,1024.0,,,,2024-12-08,11:59:36
ScalaSparkWordcount,2024-12-08,12:06:47,32799284189,364.191,90060666,45030333,39.52538302129746,4650819696.219178,48354628.18459508,2474933.294415796,8807369.761097385,8675235.58101711,2,4,1,640m,,,,4.0,2024-12-08,12:06:47
ScalaSparkWordcount,2024-12-08,12:13:03,32799284189,336.489,97475056,48737528,38.86272998644794,4644622938.3529415,38754617.29152265,1895424.99025562,6355901.471592592,5797931.241939919,2,4,1,640m,,,,8.0,2024-12-08,12:13:04
ScalaSparkWordcount,2024-12-08,12:19:40,32799284189,345.435,94950668,47475334,33.54459406652528,4838752431.542857,38191356.06873957,1785970.5501828121,7237230.961337582,7145764.222310995,2,4,1,640m,,,,10.0,2024-12-08,12:19:41
ScalaSparkWordcount,2024-12-08,12:27:53,32799284189,394.497,83142037,41571018,22.05283696776399,4350196826.734178,18503987.565701444,201553.26588739365,2705475.269452122,2701967.6787652737,2,4,1,640m,,,,12.0,2024-12-08,12:27:53
ScalaSparkTerasort,2024-12-09,13:21:27,1073741800,78.525,13673884,13673884,46.7499249986478,1219439360.0,18400634.46189923,22685438.077043816,23226593.432694744,21076525.715105668,1,2,1,640m,128.0,,,,2024-12-09,13:21:27
ScalaSparkTerasort,2024-12-09,13:22:49,1073741800,78.003,13765391,13765391,46.09379877216345,1163845888.0,19655546.51527581,22191105.051223423,23569433.76728147,21468794.61728553,1,2,1,640m,256.0,,,,2024-12-09,13:22:49
ScalaSparkTerasort,2024-12-09,13:24:11,1073741800,77.551,13845621,13845621,46.311289502537164,1134803968.0,19848611.00308116,22744440.305271205,23110425.93436878,20907934.091252033,1,2,1,640m,512.0,,,,2024-12-09,13:24:11
ScalaSparkTerasort,2024-12-09,13:25:32,1073741800,77.541,13847407,13847407,32.23631652893638,592033536.0,12366078.245326959,14656234.469134385,13961885.989368051,13723389.133499237,1,2,1,640m,1024.0,,,,2024-12-09,13:25:33
ScalaSparkTerasort,2024-12-09,13:42:42,1073741800,80.72,13302054,13302054,47.72957578234504,1207078912.0,20220372.484747898,21921744.7417908,22715841.73903086,20635375.712764475,1,2,1,640m,,16k,32m,,2024-12-09,13:42:42
ScalaSparkTerasort,2024-12-09,13:44:04,1073741800,77.878,13787485,13787485,46.7250467376589,1156875520.0,20812752.93864126,22313734.888072684,23711199.577140763,21588500.382420987,1,2,1,640m,,32k,48m,,2024-12-09,13:44:04
ScalaSparkTerasort,2024-12-09,13:45:25,1073741800,76.681,14002709,14002709,46.06286454946583,1148014336.0,19613172.40707637,22585761.684920337,23599087.800219666,21396262.29083419,1,2,1,640m,,48k,64m,,2024-12-09,13:45:25
ScalaSparkTerasort,2024-12-09,13:46:46,1073741800,77.683,13822094,13822094,30.78088000521458,669866240.0,11389191.746889317,13300848.935284859,13441652.940135136,13203224.894654335,1,2,1,640m,,64k,96m,,2024-12-09,13:46:47
ScalaSparkTerasort,2024-12-09,13:53:06,5368709100,236.248,22724886,22724886,57.91792623121348,1357234261.3333333,30866990.76837939,39095758.802554585,27810927.23047483,27078935.56349428,1,2,1,640m,128.0,,,,2024-12-09,13:53:06
ScalaSparkTerasort,2024-12-09,13:57:05,5368709100,234.447,22899457,22899457,58.21892037632474,1385749220.7659574,31866436.317617998,40784994.67184795,27996515.75066087,27265778.754442744,1,2,1,640m,256.0,,,,2024-12-09,13:57:05
ScalaSparkTerasort,2024-12-09,14:01:06,5368709100,237.409,22613755,22613755,58.50926057836432,1380693333.3333333,38599285.01517292,40258784.84231382,32876114.772715423,32144531.77530013,1,2,1,640m,512.0,,,,2024-12-09,14:01:07
ScalaSparkTerasort,2024-12-09,14:05:13,5368709100,242.952,22097818,22097818,58.26440064784987,1377402792.8510637,31086025.924301952,38577655.99350744,27701489.658674102,26999009.413759578,1,2,1,640m,1024.0,,,,2024-12-09,14:05:14
ScalaSparkTerasort,2024-12-09,14:09:23,5368709100,245.525,21866242,21866242,58.605097603211135,1358075576.32,28530876.581795037,35881450.775563575,25011675.329221554,24309167.80345338,1,2,1,640m,,16k,32m,,2024-12-09,14:09:23
ScalaSparkTerasort,2024-12-09,14:13:28,5368709100,241.214,22257037,22257037,58.51529136892246,1345480495.0204082,28445045.732416376,36567181.96686799,25680360.807030443,24963277.56664517,1,2,1,640m,,32k,48m,,2024-12-09,14:13:29
ScalaSparkTerasort,2024-12-09,14:17:33,5368709100,240.631,22310962,22310962,58.10573175219904,1414850183.8367348,28090854.76208187,36005044.51864756,25477735.750265535,24760692.073732566,1,2,1,640m,,48k,64m,,2024-12-09,14:17:33
ScalaSparkTerasort,2024-12-09,14:21:39,5368709100,242.069,22178424,22178424,50.2317029191928,1105792104.489796,11711408.10491359,32951274.367595628,21285188.20747823,21263431.196010217,1,2,1,640m,,64k,96m,,2024-12-09,14:21:40
ScalaSparkTerasort,2024-12-09,14:33:08,10737418200,441.969,24294505,24294505,60.60218257623904,1378753409.4382021,35723116.909675114,41895046.51471407,27147691.73270315,26757403.604963765,1,2,1,640m,128.0,,,,2024-12-09,14:33:08
ScalaSparkTerasort,2024-12-09,14:40:38,10737418200,445.377,24108605,24108605,60.757229846273496,1493768738.1333334,38732571.7458852,42659552.05143052,29238744.947769668,28848601.20538124,1,2,1,640m,256.0,,,,2024-12-09,14:40:38
ScalaSparkTerasort,2024-12-09,14:48:10,10737418200,448.559,23937582,23937582,60.6477681511553,1396872715.3777778,40449548.447846204,43183049.28041343,28901234.70040473,28513822.731056776,1,2,1,640m,512.0,,,,2024-12-09,14:48:11
ScalaSparkTerasort,2024-12-09,14:55:37,10737418200,443.112,24231838,24231838,60.590505236036414,1401928025.1685393,35667004.93279367,40164726.46369815,26636187.694767,26246251.908704195,1,2,1,640m,1024.0,,,,2024-12-09,14:55:38
ScalaSparkTerasort,2024-12-09,15:26:34,10737418200,435.629,24648079,24648079,60.30797034122311,1513883042.909091,35223332.87022749,39497331.60152165,26496560.528160866,26098553.54913863,1,2,1,640m,,16k,32m,,2024-12-09,15:26:34
ScalaSparkTerasort,2024-12-09,15:34:07,10737418200,449.001,23914018,23914018,60.70760271653152,1430944745.2444444,34377918.18598237,39587910.69725785,25758022.657304928,25370888.019336853,1,2,1,640m,,32k,48m,,2024-12-09,15:34:07
ScalaSparkTerasort,2024-12-09,15:41:39,10737418200,447.65,23986190,23986190,60.45139847207632,1483085687.4666667,34601046.86943251,39186758.96021665,26130798.536583472,25744058.979479223,1,2,1,640m,,48k,64m,,2024-12-09,15:41:39
ScalaSparkTerasort,2024-12-09,16:10:54,10737418200,437.732,24529662,24529662,33.303640391306516,628669114.1818181,13994426.572860006,19879997.128548585,10947016.256485997,10946947.688951878,1,2,1,640m,,64k,96m,,2024-12-09,16:10:55
ScalaSparkTerasort,2024-12-09,19:13:54,16106127300,658.678,24452201,24452201,56.456619302481485,1249325862.7878788,32962062.426801257,39447471.66208987,24223403.05709461,23989801.754715648,1,2,1,640m,128.0,,,,2024-12-09,19:13:54
ScalaSparkTerasort,2024-12-09,19:25:54,16106127300,646.816,24900632,24900632,61.76668413716838,1280489472.0,38087214.991992205,44629770.66190801,28118737.0641071,27848832.968195952,1,2,1,640m,256.0,,,,2024-12-09,19:25:54
ScalaSparkTerasort,2024-12-09,19:36:38,16106127300,639.65,25179593,25179593,61.670246361359986,1226996807.4418604,42622572.354516156,44155185.083161324,30881493.666072436,30611438.799038414,1,2,1,640m,512.0,,,,2024-12-09,19:36:38
ScalaSparkTerasort,2024-12-09,19:47:50,16106127300,668.424,24095674,24095674,61.28546656198186,1316582904.358209,35794258.3504952,40604085.79271801,26425893.544805564,26167018.3684052,1,2,1,640m,1024.0,,,,2024-12-09,19:47:51
ScalaSparkTerasort,2024-12-09,19:58:59,16106127300,664.541,24236468,24236468,61.224672492797644,1202615525.2537313,34887485.2619555,39350625.55122302,25772951.276239462,25510664.96277249,1,2,1,640m,,16k,32m,,2024-12-09,19:58:59
ScalaSparkTerasort,2024-12-09,20:09:55,16106127300,652.349,24689433,24689433,61.22711731323043,1286943282.8091602,35029189.08581226,40221351.398463316,25892533.588348046,25628719.128739778,1,2,1,640m,,32k,48m,,2024-12-09,20:09:56
ScalaSparkTerasort,2024-12-09,20:20:57,16106127300,657.327,24502458,24502458,61.680084292264354,1323739570.4242425,35171097.18095223,39097353.592039876,25947466.253435057,25683649.456217956,1,2,1,640m,,48k,64m,,2024-12-09,20:20:58
ScalaSparkTerasort,2024-12-09,20:31:56,16106127300,654.008,24626804,24626804,58.82132797079694,1169229183.0229008,23509310.735535778,45126971.73178547,30871211.97047612,30720889.722081564,1,2,1,640m,,64k,96m,,2024-12-09,20:31:56
ScalaSparkTerasort,2024-12-09,20:52:40,21474836400,961.662,22330960,22330960,62.104581839858156,1367457473.658031,33283410.632774953,38506792.56965075,23937198.794701573,23758881.156638943,1,2,1,640m,128.0,,,,2024-12-09,20:52:40
ScalaSparkTerasort,2024-12-09,21:08:20,21474836400,928.206,23135851,23135851,61.98467554929428,1496231341.419355,35299491.241949245,40748779.7418957,25583406.755048588,25399179.976062477,1,2,1,640m,256.0,,,,2024-12-09,21:08:21
ScalaSparkTerasort,2024-12-09,21:23:53,21474836400,922.32,23283498,23283498,56.04565727662915,1370496160.518919,34434157.9209956,37054850.5573376,24937540.42781874,24772848.629559096,1,2,1,640m,512.0,,,,2024-12-09,21:23:54
ScalaSparkTerasort,2024-12-09,21:41:10,21474836400,926.639,23174975,23174975,61.90811524735432,1456619872.344086,34355769.88345049,38958263.238553755,24725846.19651503,24540204.072053254,1,2,1,640m,1024.0,,,,2024-12-09,21:41:10
ScalaSparkTerasort,2024-12-09,21:56:36,21474836400,914.791,23475128,23475128,61.40475832621407,1584743067.826087,33625709.64269739,37553281.331508175,24052969.47034354,23865402.393119797,1,2,1,640m,,16k,32m,,2024-12-09,21:56:36
ScalaSparkTerasort,2024-12-09,22:12:59,21474836400,970.45,22128740,22128740,61.55278862953197,1458966759.0564103,32418324.24632714,36827954.84777689,23191020.45953493,23013241.273959205,1,2,1,640m,,32k,48m,,2024-12-09,22:12:59
ScalaSparkTerasort,2024-12-09,22:28:38,21474836400,928.948,23117371,23117371,61.3634024101771,1496260409.8064516,33278276.531992935,37336279.32258892,23741302.67882786,23557561.780193307,1,2,1,640m,,48k,64m,,2024-12-09,22:28:38
ScalaSparkTerasort,2024-12-09,22:44:48,21474836400,952.923,22535751,22535751,53.78475059450208,1363505495.1204188,18967956.847786937,37807880.84603791,25134027.747343782,25055833.784168217,1,2,1,640m,,64k,96m,,2024-12-09,22:44:48
ScalaSparkTerasort,2024-12-10,02:23:11,26843545600,1069.683,25094860,25094860,62.098720384321425,1305801256.483721,37110173.0017804,44065151.658815734,26750352.20186047,26586950.110850528,1,2,1,640m,128.0,,,,2024-12-10,02:23:11
ScalaSparkTerasort,2024-12-10,02:40:31,26843545600,1035.867,25914085,25914085,62.009631721433905,1344960256.0,39088315.32546677,45552260.35270103,28286855.898560025,28120534.649159815,1,2,1,640m,256.0,,,,2024-12-10,02:40:31
ScalaSparkTerasort,2024-12-10,02:57:57,26843545600,1041.894,25764181,25764181,62.11494810808313,1320647332.1339712,38442239.30373144,45753905.49463514,27548493.94560941,27383034.52645448,1,2,1,640m,512.0,,,,2024-12-10,02:57:58
ScalaSparkTerasort,2024-12-10,03:15:34,26843545600,1052.439,25506034,25506034,62.199690814714515,1383983307.8293839,37330856.97116979,44294718.14870383,26757012.604978558,26592606.987756714,1,2,1,640m,1024.0,,,,2024-12-10,03:15:35
ScalaSparkTerasort,2024-12-10,03:33:12,26843545600,1053.166,25488427,25488427,62.456495612145396,1414193947.9052134,37339325.10759881,42760333.49942025,26368940.126032338,26202747.918129664,1,2,1,640m,,16k,32m,,2024-12-10,03:33:12
ScalaSparkTerasort,2024-12-10,03:50:57,26843545600,1060.289,25317197,25317197,62.118189706962156,1451041633.3521128,36765087.12142342,41641989.29509824,26181247.29038115,26018311.870967668,1,2,1,640m,,32k,48m,,2024-12-10,03:50:57
ScalaSparkTerasort,2024-12-10,04:09:22,26843545600,1100.336,24395771,24395771,61.53597006973086,1549748066.4615386,35487576.45504154,39282454.2585536,25314006.559888612,25157071.397405103,1,2,1,640m,,48k,64m,,2024-12-10,04:09:22
ScalaSparkTerasort,2024-12-10,04:27:45,26843545600,1098.886,24427962,24427962,75.75319547788514,766598045.8082192,14054892.2749846,18596818.295906223,9847701.5863646,9848789.485000852,1,2,1,640m,,64k,96m,,2024-12-10,04:27:46
ScalaSparkTerasort,2024-12-10,07:57:05,32212254700,1278.618,25193024,25193024,58.499440870098034,1195419600.0,34477068.33986929,39305487.870326795,24465834.591867827,24342439.027155817,1,2,1,640m,128.0,,,,2024-12-10,07:57:05
ScalaSparkTerasort,2024-12-10,08:20:07,32212254700,1274.147,25281427,25281427,62.55669224211423,1334757400.0941176,37699998.08021493,44058370.54511974,27109559.660519265,26975087.576233435,1,2,1,640m,256.0,,,,2024-12-10,08:20:07
ScalaSparkTerasort,2024-12-10,08:41:47,32212254700,1295.672,24861426,24861426,62.49992248062015,1249262355.6923077,39563968.84824489,44653171.52006361,27805521.74937836,27673292.514236737,1,2,1,640m,512.0,,,,2024-12-10,08:41:48
ScalaSparkTerasort,2024-12-10,09:03:19,32212254700,1287.705,25015243,25015243,62.24585557868067,1246474716.2790697,36722186.27819705,41582731.44083893,26310576.720262118,26176546.47060447,1,2,1,640m,1024.0,,,,2024-12-10,09:03:20
ScalaSparkTerasort,2024-12-10,09:24:31,32212254700,1266.976,25424518,25424518,62.404260404949376,1286040197.03937,36819591.321751446,42893653.346131735,26416222.34455381,26280014.430075932,1,2,1,640m,,16k,32m,,2024-12-10,09:24:31
ScalaSparkTerasort,2024-12-10,09:45:25,32212254700,1249.56,25778877,25778877,62.455936894990316,1285225696.3824701,37096805.83774673,42887320.95691771,26574728.497886363,26436797.338411815,1,2,1,640m,,32k,48m,,2024-12-10,09:45:25
ScalaSparkTerasort,2024-12-10,10:06:34,32212254700,1264.411,25476094,25476094,62.625823451910414,1342417778.339921,37041981.06373884,42810728.22562687,26395001.190084074,26258700.218073595,1,2,1,640m,,48k,64m,,2024-12-10,10:06:35
ScalaSparkTerasort,2024-12-10,10:27:42,32212254700,1263.035,25503849,25503849,76.92086369621295,674132753.5342466,14788439.23550606,19588825.31328408,10246520.340349218,10247946.063782807,1,2,1,640m,,64k,96m,,2024-12-10,10:27:42
ScalaSparkTerasort,2024-12-10,14:56:08,16106127300,488.239,32988203,16494101,70.70968861771513,3452383649.9591837,26524799.59963532,31391324.073104702,20771016.08365769,20486016.825473387,2,4,1,640m,128.0,,,,2024-12-10,14:56:09
ScalaSparkTerasort,2024-12-10,15:04:38,16106127300,505.195,31881010,15940505,72.49448039215687,3469218233.72549,28625357.96454902,32089895.95607843,21145835.359607846,20855797.189156864,2,4,1,640m,256.0,,,,2024-12-10,15:04:39
ScalaSparkTerasort,2024-12-10,15:12:52,16106127300,489.796,32883337,16441668,74.93401541185047,3548613373.414141,33826215.46944358,32085121.97182825,23083835.570701867,22784184.9583828,2,4,1,640m,512.0,,,,2024-12-10,15:12:53
ScalaSparkTerasort,2024-12-10,15:22:41,16106127300,584.501,27555346,13777673,72.66929427235537,3313569896.1355934,27940214.07021235,30572392.883693743,18324841.95633767,18061952.097570863,2,4,1,640m,1024.0,,,,2024-12-10,15:22:42
ScalaSparkTerasort,2024-12-10,15:31:12,16106127300,506.263,31813755,15906877,71.15497865516156,3504397854.117647,26806201.31228444,30502318.239416234,20368943.146018222,20086587.641203947,2,4,1,640m,,16k,32m,,2024-12-10,15:31:12
ScalaSparkTerasort,2024-12-10,15:39:35,16106127300,498.257,32324939,16162469,72.54280637640422,3512281292.8,27106711.395148113,31079924.137391523,20275740.125128374,19989695.65299117,2,4,1,640m,,32k,48m,,2024-12-10,15:39:35
ScalaSparkTerasort,2024-12-10,15:47:45,16106127300,485.578,33168980,16584490,72.49580144557824,3575663427.9183674,27606588.86530612,31523733.884807255,20854921.78939732,20563190.821800593,2,4,1,640m,,48k,64m,,2024-12-10,15:47:46
ScalaSparkTerasort,2024-12-10,15:56:09,16106127300,499.01,32276161,16138080,36.03750263983707,1744033873.92,10966640.254641034,13989945.551219482,8524339.073721046,8518956.54446142,2,4,1,640m,,64k,96m,,2024-12-10,15:56:10
ScalaSparkTerasort,2024-12-10,16:06:48,1073741800,71.226,15075138,7537569,50.70040293040301,2767750212.266667,11341810.296654455,17057247.667106226,15319362.37263736,13388534.794578755,2,4,1,640m,128.0,,,,2024-12-10,16:06:48
ScalaSparkTerasort,2024-12-10,16:08:06,1073741800,73.933,14523173,7261586,52.72690476190476,2777670997.3333335,11060342.97904762,16577579.56063492,15146430.245714286,13259540.295714285,2,4,1,640m,256.0,,,,2024-12-10,16:08:06
ScalaSparkTerasort,2024-12-10,16:09:24,1073741800,73.946,14520620,7260310,54.808809523809465,2729378611.2,10343955.179682542,16174498.052063491,14868448.88,13030772.525,2,4,1,640m,512.0,,,,2024-12-10,16:09:24
ScalaSparkTerasort,2024-12-10,16:10:40,1073741800,71.704,14974642,7487321,51.52717948717956,2701416584.5333333,10590673.613675216,17464974.30974359,16090776.446153848,14114820.4525641,2,4,1,640m,1024.0,,,,2024-12-10,16:10:40
ScalaSparkTerasort,2024-12-10,16:11:51,1073741800,66.392,16172758,8086379,48.73630952380936,2657490651.428571,10633909.294261293,17527601.824664224,16561607.216414835,14546710.97506868,2,4,1,640m,,16k,32m,,2024-12-10,16:11:51
ScalaSparkTerasort,2024-12-10,16:13:01,1073741800,66.591,16124428,8062214,49.572000915750905,2704503954.285714,11905198.542612944,17607821.784615383,16454853.16723901,14325834.099839743,2,4,1,640m,,32k,48m,,2024-12-10,16:13:02
ScalaSparkTerasort,2024-12-10,16:14:12,1073741800,66.737,16089152,8044576,51.55684523809525,2795654290.285714,12023720.478632478,17693486.6989011,16774738.301923078,14758843.601694137,2,4,1,640m,,48k,64m,,2024-12-10,16:14:12
ScalaSparkTerasort,2024-12-10,16:15:24,1073741800,67.56,15893158,7946579,33.27786172161158,1794497097.142857,7595116.776556776,11247550.484004883,10049734.070650185,9657922.387477105,2,4,1,640m,,64k,96m,,2024-12-10,16:15:24
ScalaSparkTerasort,2024-12-10,16:57:16,5368709100,202.388,26526815,13263407,66.50388055034395,3171739298.3414636,21951346.96251824,26902570.689080678,19482358.29409084,18782730.014820203,2,4,1,640m,128.0,,,,2024-12-10,16:57:16
ScalaSparkTerasort,2024-12-10,17:00:31,5368709100,189.972,28260528,14130264,66.19944559944562,3314303396.1025643,25379163.72002772,28770196.419681214,21105388.873007625,20328394.450693004,2,4,1,640m,256.0,,,,2024-12-10,17:00:31
ScalaSparkTerasort,2024-12-10,17:03:44,5368709100,188.137,28536168,14268084,68.67496345029238,3298252476.631579,28172040.148948953,27986583.344944946,24160882.588435475,23414462.106517702,2,4,1,640m,512.0,,,,2024-12-10,17:03:44
ScalaSparkTerasort,2024-12-10,17:07:05,5368709100,197.194,27225519,13612759,67.18355263157896,3160493772.8,24022105.285614032,28175113.341754384,20213591.854703948,19487387.670230262,2,4,1,640m,1024.0,,,,2024-12-10,17:07:06
ScalaSparkTerasort,2024-12-10,17:10:10,5368709100,180.48,29746836,14873418,67.15891891891899,3296586115.4594593,22953236.071454305,28594166.089472327,20546179.142393816,19735810.102664083,2,4,1,640m,,16k,32m,,2024-12-10,17:10:10
ScalaSparkTerasort,2024-12-10,17:13:17,5368709100,183.064,29326951,14663475,66.22177177177169,3302269924.324324,22886858.45854998,28362632.67244387,20159088.02324324,19390203.48369369,2,4,1,640m,,32k,48m,,2024-12-10,17:13:18
ScalaSparkTerasort,2024-12-10,17:16:21,5368709100,179.262,29948952,14974476,66.19249999999998,3375403576.888889,22587041.564444445,28552995.271111112,20109252.58035714,19317095.363531746,2,4,1,640m,,48k,64m,,2024-12-10,17:16:22
ScalaSparkTerasort,2024-12-10,17:19:31,5368709100,185.591,28927637,14463818,62.563101588430584,2436864215.5789475,11285638.97961119,27748021.86371635,18761380.918133594,18678839.16885866,2,4,1,640m,,64k,96m,,2024-12-10,17:19:32
ScalaSparkTerasort,2024-12-10,17:28:08,10737418200,347.278,30918797,15459398,70.02086865180856,3397683902.1714287,26840276.838023786,31379838.361924246,20751025.70746894,20339705.07815415,2,4,1,640m,128.0,,,,2024-12-10,17:28:08
ScalaSparkTerasort,2024-12-10,17:33:48,10737418200,335.936,31962689,15981344,69.6229748649799,3488706861.1764708,30438991.13317547,32586618.589221448,22474497.792729866,22053443.023956254,2,4,1,640m,256.0,,,,2024-12-10,17:33:49
ScalaSparkTerasort,2024-12-10,17:39:35,10737418200,341.956,31399999,15699999,71.05347177157692,3578438759.884058,31970049.90860193,31781181.809906993,22184829.14765304,21778089.855667315,2,4,1,640m,512.0,,,,2024-12-10,17:39:35
ScalaSparkTerasort,2024-12-10,17:45:39,10737418200,359.52,29865982,14932991,74.22797607563187,3405442286.4657536,28789616.7888353,32540999.99084186,20341557.284478102,19938634.272998266,2,4,1,640m,1024.0,,,,2024-12-10,17:45:39
ScalaSparkTerasort,2024-12-10,17:51:19,10737418200,335.54,32000411,16000205,70.72648172905528,3540202676.7058825,27063273.79203802,31054333.53582887,20509044.495978158,20085378.020343132,2,4,1,640m,,16k,32m,,2024-12-10,17:51:20
ScalaSparkTerasort,2024-12-10,17:56:57,10737418200,333.496,32196542,16098271,70.8256897331524,3435671429.7313433,26646626.585873432,30284113.265786685,19927732.055558573,19503809.491744254,2,4,1,640m,,32k,48m,,2024-12-10,17:56:58
ScalaSparkTerasort,2024-12-10,18:02:56,10737418200,353.434,30380263,15190131,71.6596978975301,3518795314.4788733,26337477.00128034,30611477.14867213,19976091.082066894,19572357.419371154,2,4,1,640m,,48k,64m,,2024-12-10,18:02:57
ScalaSparkTerasort,2024-12-10,18:08:41,10737418200,340.405,31543068,15771534,52.24293748648065,2180756346.4347825,11715476.955858389,23149920.821861703,14944105.304607397,14935620.560523469,2,4,1,640m,,64k,96m,,2024-12-10,18:08:42
ScalaSparkTerasort,2024-12-10,18:25:22,21474836400,622.42,34502163,17251081,73.37181059533177,3524305518.592,29397558.9343102,33639579.33389814,21550782.221201602,21320044.748652507,2,4,1,640m,128.0,,,,2024-12-10,18:25:22
ScalaSparkTerasort,2024-12-10,18:36:05,21474836400,639.646,33573001,16786500,73.2992125984252,3576657808.868217,29411518.81998006,32247265.6835663,21353130.776265033,21131449.731560152,2,4,1,640m,256.0,,,,2024-12-10,18:36:06
ScalaSparkTerasort,2024-12-10,18:47:25,21474836400,674.739,31826878,15913439,73.90669282280706,3587968301.1764708,32641988.753620457,31816060.726981074,21528094.774494965,21316384.478799336,2,4,1,640m,512.0,,,,2024-12-10,18:47:25
ScalaSparkTerasort,2024-12-10,18:59:50,21474836400,740.144,29014403,14507201,76.84379246736658,3468652983.8389263,30571818.694989346,33626787.613152854,19615701.856347926,19400777.682433665,2,4,1,640m,1024.0,,,,2024-12-10,18:59:50
ScalaSparkTerasort,2024-12-10,19:10:22,21474836400,627.803,34206329,17103164,72.71693773960517,3501301987.5555553,28517848.674754456,32205541.490584895,21119403.228027295,20893296.806443207,2,4,1,640m,,16k,32m,,2024-12-10,19:10:23
ScalaSparkTerasort,2024-12-10,19:21:18,21474836400,651.773,32948336,16474168,73.4323860452107,3640824902.3511453,26124153.54963788,29443563.249117218,19317100.41293357,19097606.7668809,2,4,1,640m,,32k,48m,,2024-12-10,19:21:19
ScalaSparkTerasort,2024-12-10,19:33:53,21474836400,750.03,28631969,14315984,72.77589456776172,3403678609.2972975,25589699.697582595,29063050.164370388,18390642.319994535,18200857.00679263,2,4,1,640m,,48k,64m,,2024-12-10,19:33:54
ScalaSparkTerasort,2024-12-10,19:45:31,21474836400,693.038,30986520,15493260,61.20938275875772,2952025242.705036,19783238.439698707,31462458.562128805,20469644.9934721,20343365.275455642,2,4,1,640m,,64k,96m,,2024-12-10,19:45:32
ScalaSparkTerasort,2024-12-10,20:02:47,26843545600,759.218,35356835,17678417,73.54298319681655,3520961994.105263,29370006.680325005,33684808.86976895,21605766.857721638,21417717.692734037,2,4,1,640m,128.0,,,,2024-12-10,20:02:47
ScalaSparkTerasort,2024-12-10,20:16:10,26843545600,798.6,33613255,16806627,73.80670764170846,3581607270.4,30281683.40485842,33177048.70417323,21197172.78377623,21018613.08593423,2,4,1,640m,256.0,,,,2024-12-10,20:16:11
ScalaSparkTerasort,2024-12-10,20:30:04,26843545600,828.89,32384931,16192465,74.05706644760862,3621895969.927711,32122567.084940974,33529335.90221249,20084702.81602957,19915879.349465135,2,4,1,640m,512.0,,,,2024-12-10,20:30:04
ScalaSparkTerasort,2024-12-10,20:45:54,26843545600,945.436,28392768,14196384,54.41577951233655,2989114917.726316,22896834.303172927,24431580.116452463,12829289.962238697,12728201.171757082,2,4,1,640m,1024.0,,,,2024-12-10,20:45:55
ScalaSparkTerasort,2024-12-10,21:04:22,26843545600,803.515,33407647,16703823,73.62745201499537,3569131723.5279503,28555729.72598707,33017970.43366941,21152284.49449085,20971725.55890794,2,4,1,640m,,16k,32m,,2024-12-10,21:04:23
ScalaSparkTerasort,2024-12-10,21:17:10,26843545600,762.965,35183193,17591596,72.632439253731,3648625884.8627453,28682816.42216922,32931772.684261404,21203337.048809495,21016285.548798032,2,4,1,640m,,32k,48m,,2024-12-10,21:17:11
ScalaSparkTerasort,2024-12-10,21:30:19,26843545600,783.375,34266533,17133266,87.00057742673465,2133375658.6666667,12156190.94655927,15413048.485536411,8953589.475676274,8955094.864958705,2,4,1,640m,,48k,64m,,2024-12-10,21:30:19
ScalaSparkTerasort,2024-12-11,00:31:00,26843545600,705.564,38045514,19022757,51.70669951024173,1609234633.915493,12034721.981986867,24477669.150043756,16612417.035112338,16613094.818233345,2,4,1,640m,,64k,96m,,2024-12-11,00:31:00
ScalaSparkTerasort,2024-12-11,01:31:22,32212254700,813.484,39597895,19798947,76.8529510867801,3116313719.3619633,30018600.49571744,35702084.4338502,24617081.470431995,24440685.357195426,2,4,1,640m,128.0,,,,2024-12-11,01:31:23
ScalaSparkTerasort,2024-12-11,01:45:06,32212254700,819.361,39313873,19656936,75.49708604996206,3240923111.02439,29389178.334940042,35243867.12843257,23913431.27182952,23738477.7230236,2,4,1,640m,256.0,,,,2024-12-11,01:45:07
ScalaSparkTerasort,2024-12-11,01:59:29,32212254700,857.82,37551298,18775649,76.60748306354196,3254107493.2093024,33456284.725735325,35686172.363502525,24422708.48877884,24252338.831034534,2,4,1,640m,512.0,,,,2024-12-11,01:59:29
ScalaSparkTerasort,2024-12-11,02:14:47,32212254700,913.081,35278638,17639319,72.03098977072803,3242125300.808743,29680102.160762057,33823933.67378647,22491494.574843317,22328793.77509604,2,4,1,640m,1024.0,,,,2024-12-11,02:14:47
ScalaSparkTerasort,2024-12-11,02:28:53,32212254700,840.49,38325565,19162782,72.64898664210041,3283135591.005917,28586342.219192386,32416131.680553686,22757436.303867415,22590453.975913264,2,4,1,640m,,16k,32m,,2024-12-11,02:28:53
ScalaSparkTerasort,2024-12-11,02:43:23,32212254700,865.054,37237276,18618638,75.2017441860465,3475418406.2528734,30411317.471905906,34041507.490546204,22759502.358832862,22595839.61992616,2,4,1,640m,,32k,48m,,2024-12-11,02:43:23
ScalaSparkTerasort,2024-12-11,02:58:53,32212254700,925.033,34822816,17411408,71.86140188005392,3472865368.0860214,29328975.456635747,33016507.0975001,21183340.388901513,21027813.333357032,2,4,1,640m,,48k,64m,,2024-12-11,02:58:53
ScalaSparkTerasort,2024-12-11,03:14:19,32212254700,922.047,34935588,17467794,81.10509632969391,1603520652.2739725,12326907.665965663,15449478.479073355,8968755.387095219,8969246.52567842,2,4,1,640m,,64k,96m,,2024-12-11,03:14:20
